{
  "name": "LDMIC-mse",
  "description": "Inference (ans)",
  "results": {
    "left-psnr-float": [
      22.807727813720703
    ],
    "left-ms-ssim-float": [
      0.7747703790664673
    ],
    "right-psnr-float": [
      22.692338943481445
    ],
    "right-ms-ssim-float": [
      0.7748669385910034
    ],
    "psnr-float": [
      22.75003433227539
    ],
    "ms-ssim-float": [
      0.7748185992240906
    ],
    "left_bpp": [
      0.489963173866272
    ],
    "right_bpp": [
      0.49813103675842285
    ],
    "bpp": [
      0.494047075510025
    ],
    "enc_left_time": [
      23.193632125854492
    ],
    "enc_right_time": [
      23.305397033691406
    ],
    "enc_time": [
      23.705406188964844
    ],
    "enc_average_time": [
      23.24951171875
    ],
    "dec_time": [
      135.7346649169922
    ],
    "dec_average_time": [
      67.8673324584961
    ]
  }
}